,territory,release_date,opening_wknd,opening_wknd_screens,max_screens,theatrical_engagements,total_bo,report_date,url,country_url,int_total,total_report_date
0,Australia,3/12/2009,$0,0,3,3,"$1,224,980",10/11/2018,https://www.the-numbers.com/movie/Notorious-(2009),https://www.the-numbers.com/movie/Notorious-(2009)/Australia#tab=box-office,"$8,128,501",10/11/2018
1,Rest of World,,,,,,"$6,903,521",,https://www.the-numbers.com/movie/Notorious-(2009),,"$8,128,501",10/11/2018
0,Australia,3/12/2009,$0,0,3,3,"$1,224,980",10/11/2018,https://www.the-numbers.com/movie/Notorious-(2009),https://www.the-numbers.com/movie/Notorious-(2009)/Australia#tab=box-office,"$8,128,501",10/11/2018
1,Rest of World,,,,,,"$6,903,521",,https://www.the-numbers.com/movie/Notorious-(2009),,"$8,128,501",10/11/2018
0,Australia,8/6/2009,$0,0,0,0,$0,,https://www.the-numbers.com/movie/Coraline,https://www.the-numbers.com/movie/Coraline/Australia#tab=box-office,"$50,750,828",11/12/2022
1,New Zealand,7/15/2021,$0,0,1,1,$126,7/26/2021,https://www.the-numbers.com/movie/Coraline,https://www.the-numbers.com/movie/Coraline/New-Zealand#tab=box-office,"$50,750,828",11/12/2022
2,United Kingdom,10/21/2022,"$30,976",102,102,102,"$30,976",11/12/2022,https://www.the-numbers.com/movie/Coraline,https://www.the-numbers.com/movie/Coraline/United-Kingdom#tab=box-office,"$50,750,828",11/12/2022
3,Rest of World,,,,,,"$50,719,726",,https://www.the-numbers.com/movie/Coraline,,"$50,750,828",11/12/2022
0,Australia,8/6/2009,$0,0,0,0,$0,,https://www.the-numbers.com/movie/Coraline,https://www.the-numbers.com/movie/Coraline/Australia#tab=box-office,"$50,750,828",11/12/2022
1,New Zealand,7/15/2021,$0,0,1,1,$126,7/26/2021,https://www.the-numbers.com/movie/Coraline,https://www.the-numbers.com/movie/Coraline/New-Zealand#tab=box-office,"$50,750,828",11/12/2022
2,United Kingdom,10/21/2022,"$30,976",102,102,102,"$30,976",11/12/2022,https://www.the-numbers.com/movie/Coraline,https://www.the-numbers.com/movie/Coraline/United-Kingdom#tab=box-office,"$50,750,828",11/12/2022
3,Rest of World,,,,,,"$50,719,726",,https://www.the-numbers.com/movie/Coraline,,"$50,750,828",11/12/2022
0,Australia,3/13/2009,$0,0,5,6,"$856,876",11/3/2020,https://www.the-numbers.com/movie/Friday-the-13th-(2009),https://www.the-numbers.com/movie/Friday-the-13th-(2009)/Australia#tab=box-office,"$27,668,218",11/3/2020
1,Rest of World,,,,,,"$26,811,342",,https://www.the-numbers.com/movie/Friday-the-13th-(2009),,"$27,668,218",11/3/2020
0,Australia,3/13/2009,$0,0,5,6,"$856,876",11/3/2020,https://www.the-numbers.com/movie/Friday-the-13th-(2009),https://www.the-numbers.com/movie/Friday-the-13th-(2009)/Australia#tab=box-office,"$27,668,218",11/3/2020
1,Rest of World,,,,,,"$26,811,342",,https://www.the-numbers.com/movie/Friday-the-13th-(2009),,"$27,668,218",11/3/2020
0,Australia,3/12/2009,$0,0,3,176,"$2,758,442",6/25/2018,https://www.the-numbers.com/movie/Under-the-Sea-3-D,https://www.the-numbers.com/movie/Under-the-Sea-3-D/Australia#tab=box-office,"$10,638,746",9/5/2019
1,Malaysia,8/6/2015,$616,4,4,4,$616,8/11/2015,https://www.the-numbers.com/movie/Under-the-Sea-3-D,https://www.the-numbers.com/movie/Under-the-Sea-3-D/Malaysia#tab=box-office,"$10,638,746",9/5/2019
2,New Zealand,1/12/2017,$0,0,2,2,$376,9/5/2019,https://www.the-numbers.com/movie/Under-the-Sea-3-D,https://www.the-numbers.com/movie/Under-the-Sea-3-D/New-Zealand#tab=box-office,"$10,638,746",9/5/2019
3,Rest of World,,,,,,"$7,879,312",,https://www.the-numbers.com/movie/Under-the-Sea-3-D,,"$10,638,746",9/5/2019
0,Australia,3/12/2009,$0,0,3,176,"$2,758,442",6/25/2018,https://www.the-numbers.com/movie/Under-the-Sea-3-D,https://www.the-numbers.com/movie/Under-the-Sea-3-D/Australia#tab=box-office,"$10,638,746",9/5/2019
1,Malaysia,8/6/2015,$616,4,4,4,$616,8/11/2015,https://www.the-numbers.com/movie/Under-the-Sea-3-D,https://www.the-numbers.com/movie/Under-the-Sea-3-D/Malaysia#tab=box-office,"$10,638,746",9/5/2019
2,New Zealand,1/12/2017,$0,0,2,2,$376,9/5/2019,https://www.the-numbers.com/movie/Under-the-Sea-3-D,https://www.the-numbers.com/movie/Under-the-Sea-3-D/New-Zealand#tab=box-office,"$10,638,746",9/5/2019
3,Rest of World,,,,,,"$7,879,312",,https://www.the-numbers.com/movie/Under-the-Sea-3-D,,"$10,638,746",9/5/2019
0,Bolivia,3/22/2012,$0,0,2,2,"$41,961",12/29/2018,https://www.the-numbers.com/movie/Haunting-in-Connecticut-The,https://www.the-numbers.com/movie/Haunting-in-Connecticut-The/Bolivia#tab=box-office,"$23,369,006",12/29/2018
1,Rest of World,,,,,,"$23,327,045",,https://www.the-numbers.com/movie/Haunting-in-Connecticut-The,,"$23,369,006",12/29/2018
0,Bolivia,3/22/2012,$0,0,2,2,"$41,961",12/29/2018,https://www.the-numbers.com/movie/Haunting-in-Connecticut-The,https://www.the-numbers.com/movie/Haunting-in-Connecticut-The/Bolivia#tab=box-office,"$23,369,006",12/29/2018
1,Rest of World,,,,,,"$23,327,045",,https://www.the-numbers.com/movie/Haunting-in-Connecticut-The,,"$23,369,006",12/29/2018
0,New Zealand,4/16/2009,$0,0,15,15,"$2,603",5/18/2021,https://www.the-numbers.com/movie/Fast-and-Furious-(2009),https://www.the-numbers.com/movie/Fast-and-Furious-(2009)/New-Zealand#tab=box-office,"$204,283,568",5/18/2021
1,South Korea,4/2/2009,$0,0,47,47,$0,,https://www.the-numbers.com/movie/Fast-and-Furious-(2009),https://www.the-numbers.com/movie/Fast-and-Furious-(2009)/South-Korea#tab=box-office,"$204,283,568",5/18/2021
2,Rest of World,,,,,,"$204,280,965",,https://www.the-numbers.com/movie/Fast-and-Furious-(2009),,"$204,283,568",5/18/2021
0,New Zealand,4/16/2009,$0,0,15,15,"$2,603",5/18/2021,https://www.the-numbers.com/movie/Fast-and-Furious-(2009),https://www.the-numbers.com/movie/Fast-and-Furious-(2009)/New-Zealand#tab=box-office,"$204,283,568",5/18/2021
1,South Korea,4/2/2009,$0,0,47,47,$0,,https://www.the-numbers.com/movie/Fast-and-Furious-(2009),https://www.the-numbers.com/movie/Fast-and-Furious-(2009)/South-Korea#tab=box-office,"$204,283,568",5/18/2021
2,Rest of World,,,,,,"$204,280,965",,https://www.the-numbers.com/movie/Fast-and-Furious-(2009),,"$204,283,568",5/18/2021
0,South Korea,4/3/2009,$0,0,9,19,"$13,150,377",7/27/2022,https://www.the-numbers.com/movie/Thirst,https://www.the-numbers.com/movie/Thirst/South-Korea#tab=box-office,"$13,150,377",7/27/2022
0,South Korea,4/3/2009,$0,0,9,19,"$13,150,377",7/27/2022,https://www.the-numbers.com/movie/Thirst,https://www.the-numbers.com/movie/Thirst/South-Korea#tab=box-office,"$13,150,377",7/27/2022
0,South Korea,4/16/2009,$0,0,3,3,"$587,941",4/28/2020,https://www.the-numbers.com/movie/Ip-Man,https://www.the-numbers.com/movie/Ip-Man/South-Korea#tab=box-office,"$22,114,423",4/28/2020
1,Rest of World,,,,,,"$21,526,482",,https://www.the-numbers.com/movie/Ip-Man,,"$22,114,423",4/28/2020
0,South Korea,4/16/2009,$0,0,3,3,"$587,941",4/28/2020,https://www.the-numbers.com/movie/Ip-Man,https://www.the-numbers.com/movie/Ip-Man/South-Korea#tab=box-office,"$22,114,423",4/28/2020
1,Rest of World,,,,,,"$21,526,482",,https://www.the-numbers.com/movie/Ip-Man,,"$22,114,423",4/28/2020
0,China,10/30/2015,"$375,090",0,0,0,"$387,751",8/20/2018,https://www.the-numbers.com/movie/17-Again,https://www.the-numbers.com/movie/17-Again/China#tab=box-office,"$75,307,837",8/20/2018
1,Rest of World,,,,,,"$74,920,086",,https://www.the-numbers.com/movie/17-Again,,"$75,307,837",8/20/2018
0,China,10/30/2015,"$375,090",0,0,0,"$387,751",8/20/2018,https://www.the-numbers.com/movie/17-Again,https://www.the-numbers.com/movie/17-Again/China#tab=box-office,"$75,307,837",8/20/2018
1,Rest of World,,,,,,"$74,920,086",,https://www.the-numbers.com/movie/17-Again,,"$75,307,837",8/20/2018
0,South Korea,4/30/2009,$0,0,0,0,"$13,158,962",11/27/2018,https://www.the-numbers.com/movie/Thirst-(2009),https://www.the-numbers.com/movie/Thirst-(2009)/South-Korea#tab=box-office,"$13,158,962",11/27/2018
0,South Korea,4/30/2009,$0,0,0,0,"$13,158,962",11/27/2018,https://www.the-numbers.com/movie/Thirst-(2009),https://www.the-numbers.com/movie/Thirst-(2009)/South-Korea#tab=box-office,"$13,158,962",11/27/2018
0,Lebanon,10/18/2012,"$2,716",5,5,5,"$2,716",12/29/2018,https://www.the-numbers.com/movie/Battle-for-Terra,https://www.the-numbers.com/movie/Battle-for-Terra/Lebanon#tab=box-office,"$4,740,415",12/29/2018
1,Rest of World,,,,,,"$4,737,699",,https://www.the-numbers.com/movie/Battle-for-Terra,,"$4,740,415",12/29/2018
0,Lebanon,10/18/2012,"$2,716",5,5,5,"$2,716",12/29/2018,https://www.the-numbers.com/movie/Battle-for-Terra,https://www.the-numbers.com/movie/Battle-for-Terra/Lebanon#tab=box-office,"$4,740,415",12/29/2018
1,Rest of World,,,,,,"$4,737,699",,https://www.the-numbers.com/movie/Battle-for-Terra,,"$4,740,415",12/29/2018
0,Australia,11/5/2020,$329,3,3,3,$0,11/13/2020,https://www.the-numbers.com/movie/Star-Trek,https://www.the-numbers.com/movie/Star-Trek/Australia#tab=box-office,"$129,109,595",11/13/2020
0,Australia,11/5/2020,$329,3,3,3,$0,11/13/2020,https://www.the-numbers.com/movie/Star-Trek,https://www.the-numbers.com/movie/Star-Trek/Australia#tab=box-office,"$129,109,595",11/13/2020
0,Japan,5/9/2009,$0,0,0,0,$0,,https://www.the-numbers.com/movie/Yomei-Ikkagetsu-no-Hanayome,https://www.the-numbers.com/movie/Yomei-Ikkagetsu-no-Hanayome/Japan#tab=box-office,"$31,510,715",
0,Japan,5/9/2009,$0,0,0,0,$0,,https://www.the-numbers.com/movie/Yomei-Ikkagetsu-no-Hanayome,https://www.the-numbers.com/movie/Yomei-Ikkagetsu-no-Hanayome/Japan#tab=box-office,"$31,510,715",
0,Portugal,6/5/2009,$0,0,1,1,"$820,907",6/27/2018,https://www.the-numbers.com/movie/Terminator-Salvation,https://www.the-numbers.com/movie/Terminator-Salvation/Portugal#tab=box-office,"$240,169,323",6/27/2018
1,Rest of World,,,,,,"$239,348,416",,https://www.the-numbers.com/movie/Terminator-Salvation,,"$240,169,323",6/27/2018
0,Portugal,6/5/2009,$0,0,1,1,"$820,907",6/27/2018,https://www.the-numbers.com/movie/Terminator-Salvation,https://www.the-numbers.com/movie/Terminator-Salvation/Portugal#tab=box-office,"$240,169,323",6/27/2018
1,Rest of World,,,,,,"$239,348,416",,https://www.the-numbers.com/movie/Terminator-Salvation,,"$240,169,323",6/27/2018
0,Australia,5/19/2022,$705,1,1,1,"$66,966",5/24/2022,https://www.the-numbers.com/movie/Mother-(2009),https://www.the-numbers.com/movie/Mother-(2009)/Australia#tab=box-office,"$17,184,419",5/24/2022
1,Italy,7/1/2021,"$24,671",0,23,23,"$138,919",9/17/2021,https://www.the-numbers.com/movie/Mother-(2009),https://www.the-numbers.com/movie/Mother-(2009)/Italy#tab=box-office,"$17,184,419",5/24/2022
2,Portugal,5/14/2010,$0,0,2,5,"$11,888",9/15/2021,https://www.the-numbers.com/movie/Mother-(2009),https://www.the-numbers.com/movie/Mother-(2009)/Portugal#tab=box-office,"$17,184,419",5/24/2022
3,South Korea,5/28/2009,$0,0,6,6,"$16,966,646",6/7/2019,https://www.the-numbers.com/movie/Mother-(2009),https://www.the-numbers.com/movie/Mother-(2009)/South-Korea#tab=box-office,"$17,184,419",5/24/2022
0,Australia,5/19/2022,$705,1,1,1,"$66,966",5/24/2022,https://www.the-numbers.com/movie/Mother-(2009),https://www.the-numbers.com/movie/Mother-(2009)/Australia#tab=box-office,"$17,184,419",5/24/2022
1,Italy,7/1/2021,"$24,671",0,23,23,"$138,919",9/17/2021,https://www.the-numbers.com/movie/Mother-(2009),https://www.the-numbers.com/movie/Mother-(2009)/Italy#tab=box-office,"$17,184,419",5/24/2022
2,Portugal,5/14/2010,$0,0,2,5,"$11,888",9/15/2021,https://www.the-numbers.com/movie/Mother-(2009),https://www.the-numbers.com/movie/Mother-(2009)/Portugal#tab=box-office,"$17,184,419",5/24/2022
3,South Korea,5/28/2009,$0,0,6,6,"$16,966,646",6/7/2019,https://www.the-numbers.com/movie/Mother-(2009),https://www.the-numbers.com/movie/Mother-(2009)/South-Korea#tab=box-office,"$17,184,419",5/24/2022
0,Australia,3/21/2015,"$13,885",68,410,"1,474","$13,885",5/21/2015,https://www.the-numbers.com/movie/Up,https://www.the-numbers.com/movie/Up/Australia#tab=box-office,"$438,459,213",2/1/2023
1,New Zealand,9/10/2009,$0,0,1,2,$438,5/11/2021,https://www.the-numbers.com/movie/Up,https://www.the-numbers.com/movie/Up/New-Zealand#tab=box-office,"$438,459,213",2/1/2023
2,South Korea,7/29/2009,$0,0,5,5,"$6,938,781",2/1/2023,https://www.the-numbers.com/movie/Up,https://www.the-numbers.com/movie/Up/South-Korea#tab=box-office,"$438,459,213",2/1/2023
3,Rest of World,,,,,,"$431,506,109",,https://www.the-numbers.com/movie/Up,,"$438,459,213",2/1/2023
0,Australia,3/21/2015,"$13,885",68,410,"1,474","$13,885",5/21/2015,https://www.the-numbers.com/movie/Up,https://www.the-numbers.com/movie/Up/Australia#tab=box-office,"$438,459,213",2/1/2023
1,New Zealand,9/10/2009,$0,0,1,2,$438,5/11/2021,https://www.the-numbers.com/movie/Up,https://www.the-numbers.com/movie/Up/New-Zealand#tab=box-office,"$438,459,213",2/1/2023
2,South Korea,7/29/2009,$0,0,5,5,"$6,938,781",2/1/2023,https://www.the-numbers.com/movie/Up,https://www.the-numbers.com/movie/Up/South-Korea#tab=box-office,"$438,459,213",2/1/2023
3,Rest of World,,,,,,"$431,506,109",,https://www.the-numbers.com/movie/Up,,"$438,459,213",2/1/2023
0,New Zealand,7/23/2009,$0,0,1,1,$905,8/17/2021,https://www.the-numbers.com/movie/Drag-Me-To-Hell,https://www.the-numbers.com/movie/Drag-Me-To-Hell/New-Zealand#tab=box-office,"$49,287,862",8/17/2021
1,Rest of World,,,,,,"$49,286,957",,https://www.the-numbers.com/movie/Drag-Me-To-Hell,,"$49,287,862",8/17/2021
0,New Zealand,7/23/2009,$0,0,1,1,$905,8/17/2021,https://www.the-numbers.com/movie/Drag-Me-To-Hell,https://www.the-numbers.com/movie/Drag-Me-To-Hell/New-Zealand#tab=box-office,"$49,287,862",8/17/2021
1,Rest of World,,,,,,"$49,286,957",,https://www.the-numbers.com/movie/Drag-Me-To-Hell,,"$49,287,862",8/17/2021
0,Canada,5/29/2009,$0,0,0,0,$0,,https://www.the-numbers.com/movie/Man-som-hatar-kvinnor,https://www.the-numbers.com/movie/Man-som-hatar-kvinnor/Canada-(Movie-Territory)#tab=box-office,"$96,671,919",
0,Canada,5/29/2009,$0,0,0,0,$0,,https://www.the-numbers.com/movie/Man-som-hatar-kvinnor,https://www.the-numbers.com/movie/Man-som-hatar-kvinnor/Canada-(Movie-Territory)#tab=box-office,"$96,671,919",
0,Australia,6/12/2009,$0,0,1,3,"$14,664,938",5/25/2021,https://www.the-numbers.com/movie/Hangover-The,https://www.the-numbers.com/movie/Hangover-The/Australia#tab=box-office,"$188,165,080",5/25/2021
1,Rest of World,,,,,,"$173,500,142",,https://www.the-numbers.com/movie/Hangover-The,,"$188,165,080",5/25/2021
0,Australia,6/12/2009,$0,0,1,3,"$14,664,938",5/25/2021,https://www.the-numbers.com/movie/Hangover-The,https://www.the-numbers.com/movie/Hangover-The/Australia#tab=box-office,"$188,165,080",5/25/2021
1,Rest of World,,,,,,"$173,500,142",,https://www.the-numbers.com/movie/Hangover-The,,"$188,165,080",5/25/2021
0,Australia,11/26/2020,$317,1,1,1,$317,12/4/2020,https://www.the-numbers.com/movie/Moon,https://www.the-numbers.com/movie/Moon/Australia#tab=box-office,"$5,665,910",12/4/2020
1,Rest of World,,,,,,"$5,665,593",,https://www.the-numbers.com/movie/Moon,,"$5,665,910",12/4/2020
0,Australia,11/26/2020,$317,1,1,1,$317,12/4/2020,https://www.the-numbers.com/movie/Moon,https://www.the-numbers.com/movie/Moon/Australia#tab=box-office,"$5,665,910",12/4/2020
1,Rest of World,,,,,,"$5,665,593",,https://www.the-numbers.com/movie/Moon,,"$5,665,910",12/4/2020
0,Australia,6/24/2009,"$10,900,064",457,457,462,"$34,859,544",3/27/2017,https://www.the-numbers.com/movie/Transformers-Revenge-of-the-Fallen,https://www.the-numbers.com/movie/Transformers-Revenge-of-the-Fallen/Australia#tab=box-office,"$434,407,829",3/27/2017
1,Rest of World,,,,,,"$399,548,285",,https://www.the-numbers.com/movie/Transformers-Revenge-of-the-Fallen,,"$434,407,829",3/27/2017
0,Australia,6/24/2009,"$10,900,064",457,457,462,"$34,859,544",3/27/2017,https://www.the-numbers.com/movie/Transformers-Revenge-of-the-Fallen,https://www.the-numbers.com/movie/Transformers-Revenge-of-the-Fallen/Australia#tab=box-office,"$434,407,829",3/27/2017
1,Rest of World,,,,,,"$399,548,285",,https://www.the-numbers.com/movie/Transformers-Revenge-of-the-Fallen,,"$434,407,829",3/27/2017
0,South Korea,4/22/2010,$0,0,69,138,"$1,177,251",3/24/2021,https://www.the-numbers.com/movie/Hurt-Locker-The,https://www.the-numbers.com/movie/Hurt-Locker-The/South-Korea#tab=box-office,"$32,859,173",3/24/2021
1,Rest of World,,,,,,"$31,681,922",,https://www.the-numbers.com/movie/Hurt-Locker-The,,"$32,859,173",3/24/2021
0,South Korea,4/22/2010,$0,0,69,138,"$1,177,251",3/24/2021,https://www.the-numbers.com/movie/Hurt-Locker-The,https://www.the-numbers.com/movie/Hurt-Locker-The/South-Korea#tab=box-office,"$32,859,173",3/24/2021
1,Rest of World,,,,,,"$31,681,922",,https://www.the-numbers.com/movie/Hurt-Locker-The,,"$32,859,173",3/24/2021
0,Bulgaria,7/1/2009,$0,0,9,9,"$1,635,549",12/29/2018,https://www.the-numbers.com/movie/Ice-Age-Dawn-of-the-Dinosaurs,https://www.the-numbers.com/movie/Ice-Age-Dawn-of-the-Dinosaurs/Bulgaria#tab=box-office,"$690,113,112",12/29/2018
1,Ecuador,7/3/2009,$0,0,4,4,"$3,853,760",12/29/2018,https://www.the-numbers.com/movie/Ice-Age-Dawn-of-the-Dinosaurs,https://www.the-numbers.com/movie/Ice-Age-Dawn-of-the-Dinosaurs/Ecuador#tab=box-office,"$690,113,112",12/29/2018
2,Lithuania,7/1/2009,$0,0,2,2,"$1,218,148",12/10/2015,https://www.the-numbers.com/movie/Ice-Age-Dawn-of-the-Dinosaurs,https://www.the-numbers.com/movie/Ice-Age-Dawn-of-the-Dinosaurs/Lithuania#tab=box-office,"$690,113,112",12/29/2018
3,Rest of World,,,,,,"$683,405,655",,https://www.the-numbers.com/movie/Ice-Age-Dawn-of-the-Dinosaurs,,"$690,113,112",12/29/2018
0,Bulgaria,7/1/2009,$0,0,9,9,"$1,635,549",12/29/2018,https://www.the-numbers.com/movie/Ice-Age-Dawn-of-the-Dinosaurs,https://www.the-numbers.com/movie/Ice-Age-Dawn-of-the-Dinosaurs/Bulgaria#tab=box-office,"$690,113,112",12/29/2018
1,Ecuador,7/3/2009,$0,0,4,4,"$3,853,760",12/29/2018,https://www.the-numbers.com/movie/Ice-Age-Dawn-of-the-Dinosaurs,https://www.the-numbers.com/movie/Ice-Age-Dawn-of-the-Dinosaurs/Ecuador#tab=box-office,"$690,113,112",12/29/2018
2,Lithuania,7/1/2009,$0,0,2,2,"$1,218,148",12/10/2015,https://www.the-numbers.com/movie/Ice-Age-Dawn-of-the-Dinosaurs,https://www.the-numbers.com/movie/Ice-Age-Dawn-of-the-Dinosaurs/Lithuania#tab=box-office,"$690,113,112",12/29/2018
3,Rest of World,,,,,,"$683,405,655",,https://www.the-numbers.com/movie/Ice-Age-Dawn-of-the-Dinosaurs,,"$690,113,112",12/29/2018
0,Canada,7/8/2009,$0,0,0,0,$0,,https://www.the-numbers.com/movie/De-pere-en-flic,https://www.the-numbers.com/movie/De-pere-en-flic/Canada-(Movie-Territory)#tab=box-office,$0,
0,Canada,7/8/2009,$0,0,0,0,$0,,https://www.the-numbers.com/movie/De-pere-en-flic,https://www.the-numbers.com/movie/De-pere-en-flic/Canada-(Movie-Territory)#tab=box-office,$0,
0,Australia,7/15/2009,"$11,492,326",485,485,621,"$36,642,167",12/18/2020,https://www.the-numbers.com/movie/Harry-Potter-and-the-Half-Blood-Prince,https://www.the-numbers.com/movie/Harry-Potter-and-the-Half-Blood-Prince/Australia#tab=box-office,"$627,321,791",6/16/2023
1,Finland,6/9/2023,$0,0,0,0,"$9,975",6/16/2023,https://www.the-numbers.com/movie/Harry-Potter-and-the-Half-Blood-Prince,https://www.the-numbers.com/movie/Harry-Potter-and-the-Half-Blood-Prince/Finland#tab=box-office,"$627,321,791",6/16/2023
2,Netherlands,7/15/2009,$0,0,101,101,"$13,409,518",8/20/2020,https://www.the-numbers.com/movie/Harry-Potter-and-the-Half-Blood-Prince,https://www.the-numbers.com/movie/Harry-Potter-and-the-Half-Blood-Prince/Netherlands#tab=box-office,"$627,321,791",6/16/2023
3,New Zealand,7/15/2009,$0,0,14,33,"$9,360",10/27/2020,https://www.the-numbers.com/movie/Harry-Potter-and-the-Half-Blood-Prince,https://www.the-numbers.com/movie/Harry-Potter-and-the-Half-Blood-Prince/New-Zealand#tab=box-office,"$627,321,791",6/16/2023
4,Russia (CIS),10/28/2016,"$6,059",33,33,33,"$14,048",11/14/2018,https://www.the-numbers.com/movie/Harry-Potter-and-the-Half-Blood-Prince,https://www.the-numbers.com/movie/Harry-Potter-and-the-Half-Blood-Prince/Russia-(CIS)#tab=box-office,"$627,321,791",6/16/2023
5,Slovakia,7/17/2009,$0,0,1,1,"$3,522",8/14/2020,https://www.the-numbers.com/movie/Harry-Potter-and-the-Half-Blood-Prince,https://www.the-numbers.com/movie/Harry-Potter-and-the-Half-Blood-Prince/Slovakia#tab=box-office,"$627,321,791",6/16/2023
6,Spain,6/19/2020,$0,0,40,40,"$41,098",3/12/2022,https://www.the-numbers.com/movie/Harry-Potter-and-the-Half-Blood-Prince,https://www.the-numbers.com/movie/Harry-Potter-and-the-Half-Blood-Prince/Spain#tab=box-office,"$627,321,791",6/16/2023
7,United Kingdom,7/15/2009,$0,0,182,734,"$67,514,448",12/15/2021,https://www.the-numbers.com/movie/Harry-Potter-and-the-Half-Blood-Prince,https://www.the-numbers.com/movie/Harry-Potter-and-the-Half-Blood-Prince/United-Kingdom#tab=box-office,"$627,321,791",6/16/2023
8,Rest of World,,,,,,"$509,677,655",,https://www.the-numbers.com/movie/Harry-Potter-and-the-Half-Blood-Prince,,"$627,321,791",6/16/2023
0,Australia,7/15/2009,"$11,492,326",485,485,621,"$36,642,167",12/18/2020,https://www.the-numbers.com/movie/Harry-Potter-and-the-Half-Blood-Prince,https://www.the-numbers.com/movie/Harry-Potter-and-the-Half-Blood-Prince/Australia#tab=box-office,"$627,321,791",6/16/2023
1,Finland,6/9/2023,$0,0,0,0,"$9,975",6/16/2023,https://www.the-numbers.com/movie/Harry-Potter-and-the-Half-Blood-Prince,https://www.the-numbers.com/movie/Harry-Potter-and-the-Half-Blood-Prince/Finland#tab=box-office,"$627,321,791",6/16/2023
2,Netherlands,7/15/2009,$0,0,101,101,"$13,409,518",8/20/2020,https://www.the-numbers.com/movie/Harry-Potter-and-the-Half-Blood-Prince,https://www.the-numbers.com/movie/Harry-Potter-and-the-Half-Blood-Prince/Netherlands#tab=box-office,"$627,321,791",6/16/2023
3,New Zealand,7/15/2009,$0,0,14,33,"$9,360",10/27/2020,https://www.the-numbers.com/movie/Harry-Potter-and-the-Half-Blood-Prince,https://www.the-numbers.com/movie/Harry-Potter-and-the-Half-Blood-Prince/New-Zealand#tab=box-office,"$627,321,791",6/16/2023
4,Russia (CIS),10/28/2016,"$6,059",33,33,33,"$14,048",11/14/2018,https://www.the-numbers.com/movie/Harry-Potter-and-the-Half-Blood-Prince,https://www.the-numbers.com/movie/Harry-Potter-and-the-Half-Blood-Prince/Russia-(CIS)#tab=box-office,"$627,321,791",6/16/2023
5,Slovakia,7/17/2009,$0,0,1,1,"$3,522",8/14/2020,https://www.the-numbers.com/movie/Harry-Potter-and-the-Half-Blood-Prince,https://www.the-numbers.com/movie/Harry-Potter-and-the-Half-Blood-Prince/Slovakia#tab=box-office,"$627,321,791",6/16/2023
6,Spain,6/19/2020,$0,0,40,40,"$41,098",3/12/2022,https://www.the-numbers.com/movie/Harry-Potter-and-the-Half-Blood-Prince,https://www.the-numbers.com/movie/Harry-Potter-and-the-Half-Blood-Prince/Spain#tab=box-office,"$627,321,791",6/16/2023
7,United Kingdom,7/15/2009,$0,0,182,734,"$67,514,448",12/15/2021,https://www.the-numbers.com/movie/Harry-Potter-and-the-Half-Blood-Prince,https://www.the-numbers.com/movie/Harry-Potter-and-the-Half-Blood-Prince/United-Kingdom#tab=box-office,"$627,321,791",6/16/2023
8,Rest of World,,,,,,"$509,677,655",,https://www.the-numbers.com/movie/Harry-Potter-and-the-Half-Blood-Prince,,"$627,321,791",6/16/2023
0,Australia,9/17/2009,$0,0,1,1,$0,,https://www.the-numbers.com/movie/500-Days-of-Summer,https://www.the-numbers.com/movie/500-Days-of-Summer/Australia#tab=box-office,"$2,089,638",6/23/2021
1,South Korea,1/21/2010,$0,0,156,657,"$2,089,638",6/23/2021,https://www.the-numbers.com/movie/500-Days-of-Summer,https://www.the-numbers.com/movie/500-Days-of-Summer/South-Korea#tab=box-office,"$2,089,638",6/23/2021
0,Australia,9/17/2009,$0,0,1,1,$0,,https://www.the-numbers.com/movie/500-Days-of-Summer,https://www.the-numbers.com/movie/500-Days-of-Summer/Australia#tab=box-office,"$2,089,638",6/23/2021
1,South Korea,1/21/2010,$0,0,156,657,"$2,089,638",6/23/2021,https://www.the-numbers.com/movie/500-Days-of-Summer,https://www.the-numbers.com/movie/500-Days-of-Summer/South-Korea#tab=box-office,"$2,089,638",6/23/2021
0,New Zealand,9/24/2009,$0,0,1,3,$446,2/8/2021,https://www.the-numbers.com/movie/G-Force,https://www.the-numbers.com/movie/G-Force/New-Zealand#tab=box-office,"$173,381,071",2/8/2021
1,Rest of World,,,,,,"$173,380,625",,https://www.the-numbers.com/movie/G-Force,,"$173,381,071",2/8/2021
0,New Zealand,9/24/2009,$0,0,1,3,$446,2/8/2021,https://www.the-numbers.com/movie/G-Force,https://www.the-numbers.com/movie/G-Force/New-Zealand#tab=box-office,"$173,381,071",2/8/2021
1,Rest of World,,,,,,"$173,380,625",,https://www.the-numbers.com/movie/G-Force,,"$173,381,071",2/8/2021
0,China,7/24/2009,$0,0,"19,125","27,559","$12,031,621",8/13/2018,https://www.the-numbers.com/movie/McDull-Kung-Fu-Kindergarten-(China),https://www.the-numbers.com/movie/McDull-Kung-Fu-Kindergarten-(China)/China#tab=box-office,"$12,031,621",8/13/2018
0,China,7/24/2009,$0,0,"19,125","27,559","$12,031,621",8/13/2018,https://www.the-numbers.com/movie/McDull-Kung-Fu-Kindergarten-(China),https://www.the-numbers.com/movie/McDull-Kung-Fu-Kindergarten-(China)/China#tab=box-office,"$12,031,621",8/13/2018
0,Malaysia,12/20/2012,$0,0,42,42,"$57,361",12/13/2015,https://www.the-numbers.com/movie/Collector-The,https://www.the-numbers.com/movie/Collector-The/Malaysia#tab=box-office,"$2,761,722",12/29/2018
1,Russia (CIS),11/29/2012,"$590,959",450,450,750,"$889,740",12/29/2018,https://www.the-numbers.com/movie/Collector-The,https://www.the-numbers.com/movie/Collector-The/Russia-(CIS)#tab=box-office,"$2,761,722",12/29/2018
2,Taiwan,11/2/2012,$0,0,3,3,"$43,071",12/12/2015,https://www.the-numbers.com/movie/Collector-The,https://www.the-numbers.com/movie/Collector-The/Taiwan#tab=box-office,"$2,761,722",12/29/2018
3,Rest of World,,,,,,"$1,771,550",,https://www.the-numbers.com/movie/Collector-The,,"$2,761,722",12/29/2018
0,Malaysia,12/20/2012,$0,0,42,42,"$57,361",12/13/2015,https://www.the-numbers.com/movie/Collector-The,https://www.the-numbers.com/movie/Collector-The/Malaysia#tab=box-office,"$2,761,722",12/29/2018
1,Russia (CIS),11/29/2012,"$590,959",450,450,750,"$889,740",12/29/2018,https://www.the-numbers.com/movie/Collector-The,https://www.the-numbers.com/movie/Collector-The/Russia-(CIS)#tab=box-office,"$2,761,722",12/29/2018
2,Taiwan,11/2/2012,$0,0,3,3,"$43,071",12/12/2015,https://www.the-numbers.com/movie/Collector-The,https://www.the-numbers.com/movie/Collector-The/Taiwan#tab=box-office,"$2,761,722",12/29/2018
3,Rest of World,,,,,,"$1,771,550",,https://www.the-numbers.com/movie/Collector-The,,"$2,761,722",12/29/2018
0,Portugal,9/27/2012,"$8,440",3,3,7,"$17,215",12/12/2015,https://www.the-numbers.com/movie/Perfect-Getaway-A,https://www.the-numbers.com/movie/Perfect-Getaway-A/Portugal#tab=box-office,"$7,300,000",12/12/2015
1,Rest of World,,,,,,"$7,282,785",,https://www.the-numbers.com/movie/Perfect-Getaway-A,,"$7,300,000",12/12/2015
0,Portugal,9/27/2012,"$8,440",3,3,7,"$17,215",12/12/2015,https://www.the-numbers.com/movie/Perfect-Getaway-A,https://www.the-numbers.com/movie/Perfect-Getaway-A/Portugal#tab=box-office,"$7,300,000",12/12/2015
1,Rest of World,,,,,,"$7,282,785",,https://www.the-numbers.com/movie/Perfect-Getaway-A,,"$7,300,000",12/12/2015
0,Australia,11/19/2020,"$1,726",5,5,9,"$1,786",1/15/2021,https://www.the-numbers.com/movie/Gake-no-ue-no-Ponyo,https://www.the-numbers.com/movie/Gake-no-ue-no-Ponyo/Australia#tab=box-office,"$190,072,267",7/10/2023
1,China,12/25/2020,"$190,000",694,"4,901","12,294","$4,370,000",2/18/2021,https://www.the-numbers.com/movie/Gake-no-ue-no-Ponyo,https://www.the-numbers.com/movie/Gake-no-ue-no-Ponyo/China#tab=box-office,"$190,072,267",7/10/2023
2,Italy,7/6/2023,"$100,834",0,0,0,"$985,029",7/10/2023,https://www.the-numbers.com/movie/Gake-no-ue-no-Ponyo,https://www.the-numbers.com/movie/Gake-no-ue-no-Ponyo/Italy#tab=box-office,"$190,072,267",7/10/2023
3,Russia (CIS),9/3/2009,$0,0,271,284,"$45,730",7/9/2021,https://www.the-numbers.com/movie/Gake-no-ue-no-Ponyo,https://www.the-numbers.com/movie/Gake-no-ue-no-Ponyo/Russia-(CIS)#tab=box-office,"$190,072,267",7/10/2023
4,Rest of World,,,,,,"$184,669,722",,https://www.the-numbers.com/movie/Gake-no-ue-no-Ponyo,,"$190,072,267",7/10/2023
0,Australia,11/19/2020,"$1,726",5,5,9,"$1,786",1/15/2021,https://www.the-numbers.com/movie/Gake-no-ue-no-Ponyo,https://www.the-numbers.com/movie/Gake-no-ue-no-Ponyo/Australia#tab=box-office,"$190,072,267",7/10/2023
1,China,12/25/2020,"$190,000",694,"4,901","12,294","$4,370,000",2/18/2021,https://www.the-numbers.com/movie/Gake-no-ue-no-Ponyo,https://www.the-numbers.com/movie/Gake-no-ue-no-Ponyo/China#tab=box-office,"$190,072,267",7/10/2023
2,Italy,7/6/2023,"$100,834",0,0,0,"$985,029",7/10/2023,https://www.the-numbers.com/movie/Gake-no-ue-no-Ponyo,https://www.the-numbers.com/movie/Gake-no-ue-no-Ponyo/Italy#tab=box-office,"$190,072,267",7/10/2023
3,Russia (CIS),9/3/2009,$0,0,271,284,"$45,730",7/9/2021,https://www.the-numbers.com/movie/Gake-no-ue-no-Ponyo,https://www.the-numbers.com/movie/Gake-no-ue-no-Ponyo/Russia-(CIS)#tab=box-office,"$190,072,267",7/10/2023
4,Rest of World,,,,,,"$184,669,722",,https://www.the-numbers.com/movie/Gake-no-ue-no-Ponyo,,"$190,072,267",7/10/2023
0,Australia,8/21/2009,$0,0,30,30,"$9,802,477",8/24/2020,https://www.the-numbers.com/movie/Inglourious-Basterds,https://www.the-numbers.com/movie/Inglourious-Basterds/Australia#tab=box-office,"$196,027,687",10/19/2022
1,Czech Republic,8/28/2009,$0,0,4,4,"$1,118,125",10/19/2022,https://www.the-numbers.com/movie/Inglourious-Basterds,https://www.the-numbers.com/movie/Inglourious-Basterds/Czech-Republic#tab=box-office,"$196,027,687",10/19/2022
2,New Zealand,2/18/2021,"$2,062",3,3,3,"$2,062",10/19/2022,https://www.the-numbers.com/movie/Inglourious-Basterds,https://www.the-numbers.com/movie/Inglourious-Basterds/New-Zealand#tab=box-office,"$196,027,687",10/19/2022
3,South Korea,10/28/2009,$0,0,8,9,"$2,133,065",8/1/2019,https://www.the-numbers.com/movie/Inglourious-Basterds,https://www.the-numbers.com/movie/Inglourious-Basterds/South-Korea#tab=box-office,"$196,027,687",10/19/2022
4,Rest of World,,,,,,"$182,971,958",,https://www.the-numbers.com/movie/Inglourious-Basterds,,"$196,027,687",10/19/2022
0,Australia,8/21/2009,$0,0,30,30,"$9,802,477",8/24/2020,https://www.the-numbers.com/movie/Inglourious-Basterds,https://www.the-numbers.com/movie/Inglourious-Basterds/Australia#tab=box-office,"$196,027,687",10/19/2022
1,Czech Republic,8/28/2009,$0,0,4,4,"$1,118,125",10/19/2022,https://www.the-numbers.com/movie/Inglourious-Basterds,https://www.the-numbers.com/movie/Inglourious-Basterds/Czech-Republic#tab=box-office,"$196,027,687",10/19/2022
2,New Zealand,2/18/2021,"$2,062",3,3,3,"$2,062",10/19/2022,https://www.the-numbers.com/movie/Inglourious-Basterds,https://www.the-numbers.com/movie/Inglourious-Basterds/New-Zealand#tab=box-office,"$196,027,687",10/19/2022
3,South Korea,10/28/2009,$0,0,8,9,"$2,133,065",8/1/2019,https://www.the-numbers.com/movie/Inglourious-Basterds,https://www.the-numbers.com/movie/Inglourious-Basterds/South-Korea#tab=box-office,"$196,027,687",10/19/2022
4,Rest of World,,,,,,"$182,971,958",,https://www.the-numbers.com/movie/Inglourious-Basterds,,"$196,027,687",10/19/2022
0,South Korea,8/28/2009,$0,0,0,0,"$5,424,328",10/10/2018,https://www.the-numbers.com/movie/Black-(France)-(2009),https://www.the-numbers.com/movie/Black-(France)-(2009)/South-Korea#tab=box-office,"$5,424,328",10/10/2018
0,South Korea,8/28/2009,$0,0,0,0,"$5,424,328",10/10/2018,https://www.the-numbers.com/movie/Black-(France)-(2009),https://www.the-numbers.com/movie/Black-(France)-(2009)/South-Korea#tab=box-office,"$5,424,328",10/10/2018
0,Australia,10/15/2009,"$1,913,923",90,95,514,"$5,324,433",3/27/2017,https://www.the-numbers.com/movie/Final-Destination-The,https://www.the-numbers.com/movie/Final-Destination-The/Australia#tab=box-office,"$120,906,927",3/27/2017
1,Rest of World,,,,,,"$115,582,494",,https://www.the-numbers.com/movie/Final-Destination-The,,"$120,906,927",3/27/2017
0,Australia,10/15/2009,"$1,913,923",90,95,514,"$5,324,433",3/27/2017,https://www.the-numbers.com/movie/Final-Destination-The,https://www.the-numbers.com/movie/Final-Destination-The/Australia#tab=box-office,"$120,906,927",3/27/2017
1,Rest of World,,,,,,"$115,582,494",,https://www.the-numbers.com/movie/Final-Destination-The,,"$120,906,927",3/27/2017
0,Germany,12/25/2009,$0,0,1,1,"$6,448,099",5/24/2019,https://www.the-numbers.com/movie/Cloudy-with-a-Chance-of-Meatballs,https://www.the-numbers.com/movie/Cloudy-with-a-Chance-of-Meatballs/Germany#tab=box-office,"$111,957,402",5/24/2019
1,Italy,12/25/2009,$0,0,1,1,"$6,448,099",5/24/2019,https://www.the-numbers.com/movie/Cloudy-with-a-Chance-of-Meatballs,https://www.the-numbers.com/movie/Cloudy-with-a-Chance-of-Meatballs/Italy#tab=box-office,"$111,957,402",5/24/2019
2,Rest of World,,,,,,"$99,061,204",,https://www.the-numbers.com/movie/Cloudy-with-a-Chance-of-Meatballs,,"$111,957,402",5/24/2019
0,Germany,12/25/2009,$0,0,1,1,"$6,448,099",5/24/2019,https://www.the-numbers.com/movie/Cloudy-with-a-Chance-of-Meatballs,https://www.the-numbers.com/movie/Cloudy-with-a-Chance-of-Meatballs/Germany#tab=box-office,"$111,957,402",5/24/2019
1,Italy,12/25/2009,$0,0,1,1,"$6,448,099",5/24/2019,https://www.the-numbers.com/movie/Cloudy-with-a-Chance-of-Meatballs,https://www.the-numbers.com/movie/Cloudy-with-a-Chance-of-Meatballs/Italy#tab=box-office,"$111,957,402",5/24/2019
2,Rest of World,,,,,,"$99,061,204",,https://www.the-numbers.com/movie/Cloudy-with-a-Chance-of-Meatballs,,"$111,957,402",5/24/2019
0,New Zealand,10/29/2009,$0,0,1,1,$81,10/31/2022,https://www.the-numbers.com/movie/Jennifers-Body,https://www.the-numbers.com/movie/Jennifers-Body/New-Zealand#tab=box-office,"$15,738,608",10/31/2022
1,Rest of World,,,,,,"$15,738,527",,https://www.the-numbers.com/movie/Jennifers-Body,,"$15,738,608",10/31/2022
0,New Zealand,10/29/2009,$0,0,1,1,$81,10/31/2022,https://www.the-numbers.com/movie/Jennifers-Body,https://www.the-numbers.com/movie/Jennifers-Body/New-Zealand#tab=box-office,"$15,738,608",10/31/2022
1,Rest of World,,,,,,"$15,738,527",,https://www.the-numbers.com/movie/Jennifers-Body,,"$15,738,608",10/31/2022
0,South Korea,9/25/2009,$0,0,177,230,"$3,862,011",4/28/2020,https://www.the-numbers.com/movie/Fame-(2008),https://www.the-numbers.com/movie/Fame-(2008)/South-Korea#tab=box-office,"$57,772,109",4/28/2020
1,Rest of World,,,,,,"$53,910,098",,https://www.the-numbers.com/movie/Fame-(2008),,"$57,772,109",4/28/2020
0,South Korea,9/25/2009,$0,0,177,230,"$3,862,011",4/28/2020,https://www.the-numbers.com/movie/Fame-(2008),https://www.the-numbers.com/movie/Fame-(2008)/South-Korea#tab=box-office,"$57,772,109",4/28/2020
1,Rest of World,,,,,,"$53,910,098",,https://www.the-numbers.com/movie/Fame-(2008),,"$57,772,109",4/28/2020
0,Australia,12/3/2009,"$2,479,883",265,265,"1,320","$7,623,696",3/27/2017,https://www.the-numbers.com/movie/Paranormal-Activity,https://www.the-numbers.com/movie/Paranormal-Activity/Australia#tab=box-office,"$86,264,224",3/27/2017
1,Rest of World,,,,,,"$78,640,528",,https://www.the-numbers.com/movie/Paranormal-Activity,,"$86,264,224",3/27/2017
0,Australia,12/3/2009,"$2,479,883",265,265,"1,320","$7,623,696",3/27/2017,https://www.the-numbers.com/movie/Paranormal-Activity,https://www.the-numbers.com/movie/Paranormal-Activity/Australia#tab=box-office,"$86,264,224",3/27/2017
1,Rest of World,,,,,,"$78,640,528",,https://www.the-numbers.com/movie/Paranormal-Activity,,"$86,264,224",3/27/2017
0,Australia,11/19/2009,$0,0,3,3,$0,,https://www.the-numbers.com/movie/Serious-Man-A,https://www.the-numbers.com/movie/Serious-Man-A/Australia#tab=box-office,"$21,131,782",
0,Australia,11/19/2009,$0,0,3,3,$0,,https://www.the-numbers.com/movie/Serious-Man-A,https://www.the-numbers.com/movie/Serious-Man-A/Australia#tab=box-office,"$21,131,782",
0,Australia,10/8/2009,"$2,684,511",217,223,"1,548","$9,994,104",3/27/2017,https://www.the-numbers.com/movie/Couples-Retreat,https://www.the-numbers.com/movie/Couples-Retreat/Australia#tab=box-office,"$63,244,763",3/27/2017
1,Rest of World,,,,,,"$53,250,659",,https://www.the-numbers.com/movie/Couples-Retreat,,"$63,244,763",3/27/2017
0,Australia,10/8/2009,"$2,684,511",217,223,"1,548","$9,994,104",3/27/2017,https://www.the-numbers.com/movie/Couples-Retreat,https://www.the-numbers.com/movie/Couples-Retreat/Australia#tab=box-office,"$63,244,763",3/27/2017
1,Rest of World,,,,,,"$53,250,659",,https://www.the-numbers.com/movie/Couples-Retreat,,"$63,244,763",3/27/2017
0,Australia,12/3/2009,$0,0,1,1,$0,,https://www.the-numbers.com/movie/Where-the-Wild-Things-Are,https://www.the-numbers.com/movie/Where-the-Wild-Things-Are/Australia#tab=box-office,"$21,890,189",
0,Australia,12/3/2009,$0,0,1,1,$0,,https://www.the-numbers.com/movie/Where-the-Wild-Things-Are,https://www.the-numbers.com/movie/Where-the-Wild-Things-Are/Australia#tab=box-office,"$21,890,189",
0,Australia,1/28/2021,$270,1,3,6,"$3,188,542",3/1/2021,https://www.the-numbers.com/movie/Fantastic-Mr-Fox,https://www.the-numbers.com/movie/Fantastic-Mr-Fox/Australia#tab=box-office,"$25,455,892",6/21/2023
1,New Zealand,1/7/2010,$0,0,2,10,"$579,416",9/27/2022,https://www.the-numbers.com/movie/Fantastic-Mr-Fox,https://www.the-numbers.com/movie/Fantastic-Mr-Fox/New-Zealand#tab=box-office,"$25,455,892",6/21/2023
2,South Korea,12/24/2009,$0,0,8,14,"$143,413",10/18/2018,https://www.the-numbers.com/movie/Fantastic-Mr-Fox,https://www.the-numbers.com/movie/Fantastic-Mr-Fox/South-Korea#tab=box-office,"$25,455,892",6/21/2023
3,United Kingdom,10/23/2009,$0,0,88,136,"$11,888,407",6/21/2023,https://www.the-numbers.com/movie/Fantastic-Mr-Fox,https://www.the-numbers.com/movie/Fantastic-Mr-Fox/United-Kingdom#tab=box-office,"$25,455,892",6/21/2023
4,Rest of World,,,,,,"$9,656,114",,https://www.the-numbers.com/movie/Fantastic-Mr-Fox,,"$25,455,892",6/21/2023
0,Australia,1/28/2021,$270,1,3,6,"$3,188,542",3/1/2021,https://www.the-numbers.com/movie/Fantastic-Mr-Fox,https://www.the-numbers.com/movie/Fantastic-Mr-Fox/Australia#tab=box-office,"$25,455,892",6/21/2023
1,New Zealand,1/7/2010,$0,0,2,10,"$579,416",9/27/2022,https://www.the-numbers.com/movie/Fantastic-Mr-Fox,https://www.the-numbers.com/movie/Fantastic-Mr-Fox/New-Zealand#tab=box-office,"$25,455,892",6/21/2023
2,South Korea,12/24/2009,$0,0,8,14,"$143,413",10/18/2018,https://www.the-numbers.com/movie/Fantastic-Mr-Fox,https://www.the-numbers.com/movie/Fantastic-Mr-Fox/South-Korea#tab=box-office,"$25,455,892",6/21/2023
3,United Kingdom,10/23/2009,$0,0,88,136,"$11,888,407",6/21/2023,https://www.the-numbers.com/movie/Fantastic-Mr-Fox,https://www.the-numbers.com/movie/Fantastic-Mr-Fox/United-Kingdom#tab=box-office,"$25,455,892",6/21/2023
4,Rest of World,,,,,,"$9,656,114",,https://www.the-numbers.com/movie/Fantastic-Mr-Fox,,"$25,455,892",6/21/2023
0,Australia,11/12/2009,"$5,656,575",405,405,"2,321","$18,628,803",3/27/2017,https://www.the-numbers.com/movie/2012,https://www.the-numbers.com/movie/2012/Australia#tab=box-office,"$591,565,581",12/29/2018
1,Denmark,10/4/2012,"$556,464",99,134,506,"$5,056,491",12/14/2015,https://www.the-numbers.com/movie/2012,https://www.the-numbers.com/movie/2012/Denmark#tab=box-office,"$591,565,581",12/29/2018
2,Philippines,12/19/2012,$0,0,0,0,$0,,https://www.the-numbers.com/movie/2012,https://www.the-numbers.com/movie/2012/Philippines#tab=box-office,"$591,565,581",12/29/2018
3,Russia (CIS),4/26/2012,$0,0,704,704,"$4,597,669",12/29/2018,https://www.the-numbers.com/movie/2012,https://www.the-numbers.com/movie/2012/Russia-(CIS)#tab=box-office,"$591,565,581",12/29/2018
4,Rest of World,,,,,,"$563,282,618",,https://www.the-numbers.com/movie/2012,,"$591,565,581",12/29/2018
0,Australia,11/12/2009,"$5,656,575",405,405,"2,321","$18,628,803",3/27/2017,https://www.the-numbers.com/movie/2012,https://www.the-numbers.com/movie/2012/Australia#tab=box-office,"$591,565,581",12/29/2018
1,Denmark,10/4/2012,"$556,464",99,134,506,"$5,056,491",12/14/2015,https://www.the-numbers.com/movie/2012,https://www.the-numbers.com/movie/2012/Denmark#tab=box-office,"$591,565,581",12/29/2018
2,Philippines,12/19/2012,$0,0,0,0,$0,,https://www.the-numbers.com/movie/2012,https://www.the-numbers.com/movie/2012/Philippines#tab=box-office,"$591,565,581",12/29/2018
3,Russia (CIS),4/26/2012,$0,0,704,704,"$4,597,669",12/29/2018,https://www.the-numbers.com/movie/2012,https://www.the-numbers.com/movie/2012/Russia-(CIS)#tab=box-office,"$591,565,581",12/29/2018
4,Rest of World,,,,,,"$563,282,618",,https://www.the-numbers.com/movie/2012,,"$591,565,581",12/29/2018
0,Australia,11/19/2009,"$14,748,218",530,530,"3,038","$34,473,641",11/13/2020,https://www.the-numbers.com/movie/Twilight-Saga-New-Moon-The,https://www.the-numbers.com/movie/Twilight-Saga-New-Moon-The/Australia#tab=box-office,"$390,934,093",11/13/2020
1,Brazil,12/8/2022,$0,0,0,0,$0,,https://www.the-numbers.com/movie/Twilight-Saga-New-Moon-The,https://www.the-numbers.com/movie/Twilight-Saga-New-Moon-The/Brazil#tab=box-office,"$390,934,093",11/13/2020
2,Rest of World,,,,,,"$356,460,452",,https://www.the-numbers.com/movie/Twilight-Saga-New-Moon-The,,"$390,934,093",11/13/2020
0,Australia,11/19/2009,"$14,748,218",530,530,"3,038","$34,473,641",11/13/2020,https://www.the-numbers.com/movie/Twilight-Saga-New-Moon-The,https://www.the-numbers.com/movie/Twilight-Saga-New-Moon-The/Australia#tab=box-office,"$390,934,093",11/13/2020
1,Brazil,12/8/2022,$0,0,0,0,$0,,https://www.the-numbers.com/movie/Twilight-Saga-New-Moon-The,https://www.the-numbers.com/movie/Twilight-Saga-New-Moon-The/Brazil#tab=box-office,"$390,934,093",11/13/2020
2,Rest of World,,,,,,"$356,460,452",,https://www.the-numbers.com/movie/Twilight-Saga-New-Moon-The,,"$390,934,093",11/13/2020
0,Australia,3/25/2021,$230,3,3,3,$230,10/19/2022,https://www.the-numbers.com/movie/Abrazos-rotos-Los,https://www.the-numbers.com/movie/Abrazos-rotos-Los/Australia#tab=box-office,"$7,896,055",10/19/2022
1,Rest of World,,,,,,"$7,895,825",,https://www.the-numbers.com/movie/Abrazos-rotos-Los,,"$7,896,055",10/19/2022
0,Australia,3/25/2021,$230,3,3,3,$230,10/19/2022,https://www.the-numbers.com/movie/Abrazos-rotos-Los,https://www.the-numbers.com/movie/Abrazos-rotos-Los/Australia#tab=box-office,"$7,896,055",10/19/2022
1,Rest of World,,,,,,"$7,895,825",,https://www.the-numbers.com/movie/Abrazos-rotos-Los,,"$7,896,055",10/19/2022
0,Argentina,11/27/2009,$0,0,1,1,"$183,982",11/29/2018,https://www.the-numbers.com/movie/Planet-51,https://www.the-numbers.com/movie/Planet-51/Argentina#tab=box-office,"$66,802,053",11/29/2018
1,Rest of World,,,,,,"$66,618,071",,https://www.the-numbers.com/movie/Planet-51,,"$66,802,053",11/29/2018
0,Argentina,11/27/2009,$0,0,1,1,"$183,982",11/29/2018,https://www.the-numbers.com/movie/Planet-51,https://www.the-numbers.com/movie/Planet-51/Argentina#tab=box-office,"$66,802,053",11/29/2018
1,Rest of World,,,,,,"$66,618,071",,https://www.the-numbers.com/movie/Planet-51,,"$66,802,053",11/29/2018
0,Australia,10/29/2022,"$11,025",111,111,111,"$4,348,026",11/28/2022,https://www.the-numbers.com/movie/Princess-and-the-Frog-The,https://www.the-numbers.com/movie/Princess-and-the-Frog-The/Australia#tab=box-office,"$166,596,479",11/28/2022
1,Lithuania,1/29/2010,$0,0,2,2,"$246,826",12/11/2015,https://www.the-numbers.com/movie/Princess-and-the-Frog-The,https://www.the-numbers.com/movie/Princess-and-the-Frog-The/Lithuania#tab=box-office,"$166,596,479",11/28/2022
2,New Zealand,12/31/2009,$0,0,15,15,$869,10/31/2022,https://www.the-numbers.com/movie/Princess-and-the-Frog-The,https://www.the-numbers.com/movie/Princess-and-the-Frog-The/New-Zealand#tab=box-office,"$166,596,479",11/28/2022
3,Rest of World,,,,,,"$162,000,758",,https://www.the-numbers.com/movie/Princess-and-the-Frog-The,,"$166,596,479",11/28/2022
0,Australia,10/29/2022,"$11,025",111,111,111,"$4,348,026",11/28/2022,https://www.the-numbers.com/movie/Princess-and-the-Frog-The,https://www.the-numbers.com/movie/Princess-and-the-Frog-The/Australia#tab=box-office,"$166,596,479",11/28/2022
1,Lithuania,1/29/2010,$0,0,2,2,"$246,826",12/11/2015,https://www.the-numbers.com/movie/Princess-and-the-Frog-The,https://www.the-numbers.com/movie/Princess-and-the-Frog-The/Lithuania#tab=box-office,"$166,596,479",11/28/2022
2,New Zealand,12/31/2009,$0,0,15,15,$869,10/31/2022,https://www.the-numbers.com/movie/Princess-and-the-Frog-The,https://www.the-numbers.com/movie/Princess-and-the-Frog-The/New-Zealand#tab=box-office,"$166,596,479",11/28/2022
3,Rest of World,,,,,,"$162,000,758",,https://www.the-numbers.com/movie/Princess-and-the-Frog-The,,"$166,596,479",11/28/2022
0,United Kingdom,11/27/2009,$0,0,9,21,"$7,101,013",12/15/2021,https://www.the-numbers.com/movie/Nativity,https://www.the-numbers.com/movie/Nativity/United-Kingdom#tab=box-office,"$7,101,013",12/15/2021
0,United Kingdom,11/27/2009,$0,0,9,21,"$7,101,013",12/15/2021,https://www.the-numbers.com/movie/Nativity,https://www.the-numbers.com/movie/Nativity/United-Kingdom#tab=box-office,"$7,101,013",12/15/2021
0,South Korea,5/28/2010,$0,0,5,5,"$129,429",9/25/2019,https://www.the-numbers.com/movie/Single-Man-A,https://www.the-numbers.com/movie/Single-Man-A/South-Korea#tab=box-office,"$18,966,379",9/25/2019
1,Rest of World,,,,,,"$18,836,950",,https://www.the-numbers.com/movie/Single-Man-A,,"$18,966,379",9/25/2019
0,South Korea,5/28/2010,$0,0,5,5,"$129,429",9/25/2019,https://www.the-numbers.com/movie/Single-Man-A,https://www.the-numbers.com/movie/Single-Man-A/South-Korea#tab=box-office,"$18,966,379",9/25/2019
1,Rest of World,,,,,,"$18,836,950",,https://www.the-numbers.com/movie/Single-Man-A,,"$18,966,379",9/25/2019
0,Argentina,1/1/2010,$0,0,0,0,"$1,851,813",10/10/2022,https://www.the-numbers.com/movie/Avatar,https://www.the-numbers.com/movie/Avatar/Argentina#tab=box-office,"$2,138,484,377",12/19/2022
1,Australia,12/17/2009,"$10,630,171",588,590,"3,864","$76,623,609",10/10/2022,https://www.the-numbers.com/movie/Avatar,https://www.the-numbers.com/movie/Avatar/Australia#tab=box-office,"$2,138,484,377",12/19/2022
2,Austria,9/22/2022,$0,0,0,0,"$422,560",10/22/2022,https://www.the-numbers.com/movie/Avatar,https://www.the-numbers.com/movie/Avatar/Austria#tab=box-office,"$2,138,484,377",12/19/2022
3,Belgium,9/21/2022,$0,0,0,0,"$499,602",10/22/2022,https://www.the-numbers.com/movie/Avatar,https://www.the-numbers.com/movie/Avatar/Belgium#tab=box-office,"$2,138,484,377",12/19/2022
4,Brazil,9/22/2022,"$645,573",0,0,0,"$1,426,692",10/24/2022,https://www.the-numbers.com/movie/Avatar,https://www.the-numbers.com/movie/Avatar/Brazil#tab=box-office,"$2,138,484,377",12/19/2022
5,Chile,9/22/2022,$0,0,0,0,"$703,835",10/22/2022,https://www.the-numbers.com/movie/Avatar,https://www.the-numbers.com/movie/Avatar/Chile#tab=box-office,"$2,138,484,377",12/19/2022
6,China,3/11/2021,"$20,970,000","89,569","89,569","220,834","$254,150,000",12/19/2022,https://www.the-numbers.com/movie/Avatar,https://www.the-numbers.com/movie/Avatar/China#tab=box-office,"$2,138,484,377",12/19/2022
7,Colombia,9/22/2022,$0,0,0,0,"$620,245",10/10/2022,https://www.the-numbers.com/movie/Avatar,https://www.the-numbers.com/movie/Avatar/Colombia#tab=box-office,"$2,138,484,377",12/19/2022
8,Croatia,9/22/2022,"$51,154",84,84,151,"$116,132",10/14/2022,https://www.the-numbers.com/movie/Avatar,https://www.the-numbers.com/movie/Avatar/Croatia#tab=box-office,"$2,138,484,377",12/19/2022
9,Czech Republic,9/23/2022,"$162,831",102,102,275,"$482,554",11/14/2022,https://www.the-numbers.com/movie/Avatar,https://www.the-numbers.com/movie/Avatar/Czech-Republic#tab=box-office,"$2,138,484,377",12/19/2022
10,Denmark,9/22/2022,$0,0,0,0,"$187,697",10/24/2022,https://www.the-numbers.com/movie/Avatar,https://www.the-numbers.com/movie/Avatar/Denmark#tab=box-office,"$2,138,484,377",12/19/2022
11,Finland,9/23/2022,"$89,199",67,67,148,"$187,488",10/14/2022,https://www.the-numbers.com/movie/Avatar,https://www.the-numbers.com/movie/Avatar/Finland#tab=box-office,"$2,138,484,377",12/19/2022
12,France,9/21/2022,$0,0,0,0,"$6,141,793",10/22/2022,https://www.the-numbers.com/movie/Avatar,https://www.the-numbers.com/movie/Avatar/France#tab=box-office,"$2,138,484,377",12/19/2022
13,Germany,9/22/2022,$0,0,0,0,"$4,149,640",10/22/2022,https://www.the-numbers.com/movie/Avatar,https://www.the-numbers.com/movie/Avatar/Germany#tab=box-office,"$2,138,484,377",12/19/2022
14,Hong Kong,9/22/2022,$0,0,0,0,"$1,107,191",10/22/2022,https://www.the-numbers.com/movie/Avatar,https://www.the-numbers.com/movie/Avatar/Hong-Kong#tab=box-office,"$2,138,484,377",12/19/2022
15,India,9/23/2022,$0,0,0,0,"$1,122,039",10/22/2022,https://www.the-numbers.com/movie/Avatar,https://www.the-numbers.com/movie/Avatar/India#tab=box-office,"$2,138,484,377",12/19/2022
16,Indonesia,9/23/2022,$0,0,0,0,"$840,041",10/22/2022,https://www.the-numbers.com/movie/Avatar,https://www.the-numbers.com/movie/Avatar/Indonesia#tab=box-office,"$2,138,484,377",12/19/2022
17,Italy,9/22/2022,"$1,658,190",0,0,0,"$71,286,395",10/22/2022,https://www.the-numbers.com/movie/Avatar,https://www.the-numbers.com/movie/Avatar/Italy#tab=box-office,"$2,138,484,377",12/19/2022
18,Japan,9/23/2022,$0,0,0,0,"$2,045,171",10/22/2022,https://www.the-numbers.com/movie/Avatar,https://www.the-numbers.com/movie/Avatar/Japan#tab=box-office,"$2,138,484,377",12/19/2022
19,Malaysia,9/22/2022,$0,0,0,0,"$356,592",10/22/2022,https://www.the-numbers.com/movie/Avatar,https://www.the-numbers.com/movie/Avatar/Malaysia#tab=box-office,"$2,138,484,377",12/19/2022
20,Mexico,12/17/2009,$0,0,0,0,"$2,666,001",10/22/2022,https://www.the-numbers.com/movie/Avatar,https://www.the-numbers.com/movie/Avatar/Mexico#tab=box-office,"$2,138,484,377",12/19/2022
21,Netherlands,9/22/2022,"$363,123",211,211,571,"$921,668",10/22/2022,https://www.the-numbers.com/movie/Avatar,https://www.the-numbers.com/movie/Avatar/Netherlands#tab=box-office,"$2,138,484,377",12/19/2022
22,New Zealand,12/17/2009,$0,0,80,185,"$268,514",10/22/2022,https://www.the-numbers.com/movie/Avatar,https://www.the-numbers.com/movie/Avatar/New-Zealand#tab=box-office,"$2,138,484,377",12/19/2022
23,Norway,9/23/2022,$0,0,0,0,"$381,213",10/22/2022,https://www.the-numbers.com/movie/Avatar,https://www.the-numbers.com/movie/Avatar/Norway#tab=box-office,"$2,138,484,377",12/19/2022
24,Philippines,9/21/2022,$0,0,0,0,"$228,913",10/10/2022,https://www.the-numbers.com/movie/Avatar,https://www.the-numbers.com/movie/Avatar/Philippines#tab=box-office,"$2,138,484,377",12/19/2022
25,Poland,9/23/2022,$0,0,0,0,"$608,987",10/22/2022,https://www.the-numbers.com/movie/Avatar,https://www.the-numbers.com/movie/Avatar/Poland#tab=box-office,"$2,138,484,377",12/19/2022
26,Portugal,12/18/2009,$0,0,85,198,"$7,578,056",10/11/2022,https://www.the-numbers.com/movie/Avatar,https://www.the-numbers.com/movie/Avatar/Portugal#tab=box-office,"$2,138,484,377",12/19/2022
27,Romania,9/23/2022,"$71,801",142,142,351,"$253,949",10/27/2022,https://www.the-numbers.com/movie/Avatar,https://www.the-numbers.com/movie/Avatar/Romania#tab=box-office,"$2,138,484,377",12/19/2022
28,Russia (CIS),12/17/2009,$0,0,54,138,"$120,511,814",10/5/2022,https://www.the-numbers.com/movie/Avatar,https://www.the-numbers.com/movie/Avatar/Russia-(CIS)#tab=box-office,"$2,138,484,377",12/19/2022
29,Singapore,9/22/2022,$0,0,0,0,"$365,672",10/22/2022,https://www.the-numbers.com/movie/Avatar,https://www.the-numbers.com/movie/Avatar/Singapore#tab=box-office,"$2,138,484,377",12/19/2022
30,Slovakia,9/23/2022,"$46,178",58,58,121,"$124,532",11/22/2022,https://www.the-numbers.com/movie/Avatar,https://www.the-numbers.com/movie/Avatar/Slovakia#tab=box-office,"$2,138,484,377",12/19/2022
31,South Korea,12/17/2009,$0,0,285,555,"$112,179,361",10/5/2022,https://www.the-numbers.com/movie/Avatar,https://www.the-numbers.com/movie/Avatar/South-Korea#tab=box-office,"$2,138,484,377",12/19/2022
32,Spain,9/30/2022,"$967,450",290,290,570,"$2,159,261",11/4/2022,https://www.the-numbers.com/movie/Avatar,https://www.the-numbers.com/movie/Avatar/Spain#tab=box-office,"$2,138,484,377",12/19/2022
33,Sweden,9/23/2022,$0,0,0,0,"$326,580",10/22/2022,https://www.the-numbers.com/movie/Avatar,https://www.the-numbers.com/movie/Avatar/Sweden#tab=box-office,"$2,138,484,377",12/19/2022
34,Switzerland,9/23/2022,$0,0,0,0,"$584,779",10/22/2022,https://www.the-numbers.com/movie/Avatar,https://www.the-numbers.com/movie/Avatar/Switzerland#tab=box-office,"$2,138,484,377",12/19/2022
35,Taiwan,9/23/2022,$0,0,0,0,"$398,292",10/22/2022,https://www.the-numbers.com/movie/Avatar,https://www.the-numbers.com/movie/Avatar/Taiwan#tab=box-office,"$2,138,484,377",12/19/2022
36,Thailand,9/22/2022,$0,0,0,0,"$545,579",10/24/2022,https://www.the-numbers.com/movie/Avatar,https://www.the-numbers.com/movie/Avatar/Thailand#tab=box-office,"$2,138,484,377",12/19/2022
37,Turkey,9/23/2022,"$109,196",244,248,720,"$1,746,723",10/13/2022,https://www.the-numbers.com/movie/Avatar,https://www.the-numbers.com/movie/Avatar/Turkey#tab=box-office,"$2,138,484,377",12/19/2022
38,United Kingdom,9/23/2022,"$1,330,887",535,535,"1,026","$107,337,713",10/5/2022,https://www.the-numbers.com/movie/Avatar,https://www.the-numbers.com/movie/Avatar/United-Kingdom#tab=box-office,"$2,138,484,377",12/19/2022
39,Rest of World,,,,,,"$1,354,975,681",,https://www.the-numbers.com/movie/Avatar,,"$2,138,484,377",12/19/2022
0,Argentina,1/1/2010,$0,0,0,0,"$1,851,813",10/10/2022,https://www.the-numbers.com/movie/Avatar,https://www.the-numbers.com/movie/Avatar/Argentina#tab=box-office,"$2,138,484,377",12/19/2022
1,Australia,12/17/2009,"$10,630,171",588,590,"3,864","$76,623,609",10/10/2022,https://www.the-numbers.com/movie/Avatar,https://www.the-numbers.com/movie/Avatar/Australia#tab=box-office,"$2,138,484,377",12/19/2022
2,Austria,9/22/2022,$0,0,0,0,"$422,560",10/22/2022,https://www.the-numbers.com/movie/Avatar,https://www.the-numbers.com/movie/Avatar/Austria#tab=box-office,"$2,138,484,377",12/19/2022
3,Belgium,9/21/2022,$0,0,0,0,"$499,602",10/22/2022,https://www.the-numbers.com/movie/Avatar,https://www.the-numbers.com/movie/Avatar/Belgium#tab=box-office,"$2,138,484,377",12/19/2022
4,Brazil,9/22/2022,"$645,573",0,0,0,"$1,426,692",10/24/2022,https://www.the-numbers.com/movie/Avatar,https://www.the-numbers.com/movie/Avatar/Brazil#tab=box-office,"$2,138,484,377",12/19/2022
5,Chile,9/22/2022,$0,0,0,0,"$703,835",10/22/2022,https://www.the-numbers.com/movie/Avatar,https://www.the-numbers.com/movie/Avatar/Chile#tab=box-office,"$2,138,484,377",12/19/2022
6,China,3/11/2021,"$20,970,000","89,569","89,569","220,834","$254,150,000",12/19/2022,https://www.the-numbers.com/movie/Avatar,https://www.the-numbers.com/movie/Avatar/China#tab=box-office,"$2,138,484,377",12/19/2022
7,Colombia,9/22/2022,$0,0,0,0,"$620,245",10/10/2022,https://www.the-numbers.com/movie/Avatar,https://www.the-numbers.com/movie/Avatar/Colombia#tab=box-office,"$2,138,484,377",12/19/2022
8,Croatia,9/22/2022,"$51,154",84,84,151,"$116,132",10/14/2022,https://www.the-numbers.com/movie/Avatar,https://www.the-numbers.com/movie/Avatar/Croatia#tab=box-office,"$2,138,484,377",12/19/2022
9,Czech Republic,9/23/2022,"$162,831",102,102,275,"$482,554",11/14/2022,https://www.the-numbers.com/movie/Avatar,https://www.the-numbers.com/movie/Avatar/Czech-Republic#tab=box-office,"$2,138,484,377",12/19/2022
10,Denmark,9/22/2022,$0,0,0,0,"$187,697",10/24/2022,https://www.the-numbers.com/movie/Avatar,https://www.the-numbers.com/movie/Avatar/Denmark#tab=box-office,"$2,138,484,377",12/19/2022
11,Finland,9/23/2022,"$89,199",67,67,148,"$187,488",10/14/2022,https://www.the-numbers.com/movie/Avatar,https://www.the-numbers.com/movie/Avatar/Finland#tab=box-office,"$2,138,484,377",12/19/2022
12,France,9/21/2022,$0,0,0,0,"$6,141,793",10/22/2022,https://www.the-numbers.com/movie/Avatar,https://www.the-numbers.com/movie/Avatar/France#tab=box-office,"$2,138,484,377",12/19/2022
13,Germany,9/22/2022,$0,0,0,0,"$4,149,640",10/22/2022,https://www.the-numbers.com/movie/Avatar,https://www.the-numbers.com/movie/Avatar/Germany#tab=box-office,"$2,138,484,377",12/19/2022
14,Hong Kong,9/22/2022,$0,0,0,0,"$1,107,191",10/22/2022,https://www.the-numbers.com/movie/Avatar,https://www.the-numbers.com/movie/Avatar/Hong-Kong#tab=box-office,"$2,138,484,377",12/19/2022
15,India,9/23/2022,$0,0,0,0,"$1,122,039",10/22/2022,https://www.the-numbers.com/movie/Avatar,https://www.the-numbers.com/movie/Avatar/India#tab=box-office,"$2,138,484,377",12/19/2022
16,Indonesia,9/23/2022,$0,0,0,0,"$840,041",10/22/2022,https://www.the-numbers.com/movie/Avatar,https://www.the-numbers.com/movie/Avatar/Indonesia#tab=box-office,"$2,138,484,377",12/19/2022
17,Italy,9/22/2022,"$1,658,190",0,0,0,"$71,286,395",10/22/2022,https://www.the-numbers.com/movie/Avatar,https://www.the-numbers.com/movie/Avatar/Italy#tab=box-office,"$2,138,484,377",12/19/2022
18,Japan,9/23/2022,$0,0,0,0,"$2,045,171",10/22/2022,https://www.the-numbers.com/movie/Avatar,https://www.the-numbers.com/movie/Avatar/Japan#tab=box-office,"$2,138,484,377",12/19/2022
19,Malaysia,9/22/2022,$0,0,0,0,"$356,592",10/22/2022,https://www.the-numbers.com/movie/Avatar,https://www.the-numbers.com/movie/Avatar/Malaysia#tab=box-office,"$2,138,484,377",12/19/2022
20,Mexico,12/17/2009,$0,0,0,0,"$2,666,001",10/22/2022,https://www.the-numbers.com/movie/Avatar,https://www.the-numbers.com/movie/Avatar/Mexico#tab=box-office,"$2,138,484,377",12/19/2022
21,Netherlands,9/22/2022,"$363,123",211,211,571,"$921,668",10/22/2022,https://www.the-numbers.com/movie/Avatar,https://www.the-numbers.com/movie/Avatar/Netherlands#tab=box-office,"$2,138,484,377",12/19/2022
22,New Zealand,12/17/2009,$0,0,80,185,"$268,514",10/22/2022,https://www.the-numbers.com/movie/Avatar,https://www.the-numbers.com/movie/Avatar/New-Zealand#tab=box-office,"$2,138,484,377",12/19/2022
23,Norway,9/23/2022,$0,0,0,0,"$381,213",10/22/2022,https://www.the-numbers.com/movie/Avatar,https://www.the-numbers.com/movie/Avatar/Norway#tab=box-office,"$2,138,484,377",12/19/2022
24,Philippines,9/21/2022,$0,0,0,0,"$228,913",10/10/2022,https://www.the-numbers.com/movie/Avatar,https://www.the-numbers.com/movie/Avatar/Philippines#tab=box-office,"$2,138,484,377",12/19/2022
25,Poland,9/23/2022,$0,0,0,0,"$608,987",10/22/2022,https://www.the-numbers.com/movie/Avatar,https://www.the-numbers.com/movie/Avatar/Poland#tab=box-office,"$2,138,484,377",12/19/2022
26,Portugal,12/18/2009,$0,0,85,198,"$7,578,056",10/11/2022,https://www.the-numbers.com/movie/Avatar,https://www.the-numbers.com/movie/Avatar/Portugal#tab=box-office,"$2,138,484,377",12/19/2022
27,Romania,9/23/2022,"$71,801",142,142,351,"$253,949",10/27/2022,https://www.the-numbers.com/movie/Avatar,https://www.the-numbers.com/movie/Avatar/Romania#tab=box-office,"$2,138,484,377",12/19/2022
28,Russia (CIS),12/17/2009,$0,0,54,138,"$120,511,814",10/5/2022,https://www.the-numbers.com/movie/Avatar,https://www.the-numbers.com/movie/Avatar/Russia-(CIS)#tab=box-office,"$2,138,484,377",12/19/2022
29,Singapore,9/22/2022,$0,0,0,0,"$365,672",10/22/2022,https://www.the-numbers.com/movie/Avatar,https://www.the-numbers.com/movie/Avatar/Singapore#tab=box-office,"$2,138,484,377",12/19/2022
30,Slovakia,9/23/2022,"$46,178",58,58,121,"$124,532",11/22/2022,https://www.the-numbers.com/movie/Avatar,https://www.the-numbers.com/movie/Avatar/Slovakia#tab=box-office,"$2,138,484,377",12/19/2022
31,South Korea,12/17/2009,$0,0,285,555,"$112,179,361",10/5/2022,https://www.the-numbers.com/movie/Avatar,https://www.the-numbers.com/movie/Avatar/South-Korea#tab=box-office,"$2,138,484,377",12/19/2022
32,Spain,9/30/2022,"$967,450",290,290,570,"$2,159,261",11/4/2022,https://www.the-numbers.com/movie/Avatar,https://www.the-numbers.com/movie/Avatar/Spain#tab=box-office,"$2,138,484,377",12/19/2022
33,Sweden,9/23/2022,$0,0,0,0,"$326,580",10/22/2022,https://www.the-numbers.com/movie/Avatar,https://www.the-numbers.com/movie/Avatar/Sweden#tab=box-office,"$2,138,484,377",12/19/2022
34,Switzerland,9/23/2022,$0,0,0,0,"$584,779",10/22/2022,https://www.the-numbers.com/movie/Avatar,https://www.the-numbers.com/movie/Avatar/Switzerland#tab=box-office,"$2,138,484,377",12/19/2022
35,Taiwan,9/23/2022,$0,0,0,0,"$398,292",10/22/2022,https://www.the-numbers.com/movie/Avatar,https://www.the-numbers.com/movie/Avatar/Taiwan#tab=box-office,"$2,138,484,377",12/19/2022
36,Thailand,9/22/2022,$0,0,0,0,"$545,579",10/24/2022,https://www.the-numbers.com/movie/Avatar,https://www.the-numbers.com/movie/Avatar/Thailand#tab=box-office,"$2,138,484,377",12/19/2022
37,Turkey,9/23/2022,"$109,196",244,248,720,"$1,746,723",10/13/2022,https://www.the-numbers.com/movie/Avatar,https://www.the-numbers.com/movie/Avatar/Turkey#tab=box-office,"$2,138,484,377",12/19/2022
38,United Kingdom,9/23/2022,"$1,330,887",535,535,"1,026","$107,337,713",10/5/2022,https://www.the-numbers.com/movie/Avatar,https://www.the-numbers.com/movie/Avatar/United-Kingdom#tab=box-office,"$2,138,484,377",12/19/2022
39,Rest of World,,,,,,"$1,354,975,681",,https://www.the-numbers.com/movie/Avatar,,"$2,138,484,377",12/19/2022
0,South Korea,8/18/2011,$0,0,39,39,"$51,389",11/28/2016,https://www.the-numbers.com/movie/3-Idiots,https://www.the-numbers.com/movie/3-Idiots/South-Korea#tab=box-office,"$63,000,000",11/28/2016
1,Rest of World,,,,,,"$62,948,611",,https://www.the-numbers.com/movie/3-Idiots,,"$63,000,000",11/28/2016
0,South Korea,8/18/2011,$0,0,39,39,"$51,389",11/28/2016,https://www.the-numbers.com/movie/3-Idiots,https://www.the-numbers.com/movie/3-Idiots/South-Korea#tab=box-office,"$63,000,000",11/28/2016
1,Rest of World,,,,,,"$62,948,611",,https://www.the-numbers.com/movie/3-Idiots,,"$63,000,000",11/28/2016
0,Canada,12/25/2009,$0,0,0,0,$0,,https://www.the-numbers.com/movie/Flickan-som-lekte-med-elden,https://www.the-numbers.com/movie/Flickan-som-lekte-med-elden/Canada-(Movie-Territory)#tab=box-office,"$61,615,330",
0,Canada,12/25/2009,$0,0,0,0,$0,,https://www.the-numbers.com/movie/Flickan-som-lekte-med-elden,https://www.the-numbers.com/movie/Flickan-som-lekte-med-elden/Canada-(Movie-Territory)#tab=box-office,"$61,615,330",
